"email","company","city","title","category","published_at","detail_url","employer_website","refnr","source"
"marzahn.bau@perzukunft.de","PerZukunft Arbeitsvermittlung GmbH&Co.KG GmbH & Co. KG","Berlin","Maurer m/w/d - Neubau - Ab 20,85€ *","Bau, Ausbau & Gebäudetechnik","2026-06-17","https://www.arbeitsagentur.de/jobsuche/jobdetail/12016-10004679870-S","","12016-10004679870-S","arbeitsagentur"
"karriere@loerrach-landkreis.de","Landratsamt Lörrach","Lörrach","Bauingenieur/-in bzw. Techniker/-in Hochbau (m/w/d)","Bau, Ausbau & Gebäudetechnik","2026-06-17","https://www.arbeitsagentur.de/jobsuche/jobdetail/10001-1003244241-S","","10001-1003244241-S","arbeitsagentur"
"info@lotz-bauen.de","A. Lotz Hoch- und Tiefbau GmbH","Nidderau, Hessen","Ausbildung zum Maurer (m/w/d)","Bau, Ausbau & Gebäudetechnik","2026-06-17","https://www.arbeitsagentur.de/jobsuche/jobdetail/10001-1003243993-S","","10001-1003243993-S","arbeitsagentur"
"karriere@guetersloh.de","Stadt Gütersloh Der Bürgermeister Gebietskörperschaft","Gütersloh","Architekt*in / Bauingenieur*in (m/w/d)","Bau, Ausbau & Gebäudetechnik","2026-06-17","https://www.arbeitsagentur.de/jobsuche/jobdetail/18665-7vryg380ez-S","","18665-7vryg380ez-S","arbeitsagentur"
"jobs@dachdeckerei-marquardt.de","Dachdeckerei Dirk Marquardt","Quickborn, Kreis Pinneberg","Dachdeckergeselle [m/w/d] gesucht!","Bau, Ausbau & Gebäudetechnik","2026-06-17","https://www.arbeitsagentur.de/jobsuche/jobdetail/10000-1206872113-S","","10000-1206872113-S","arbeitsagentur"
"bewerbung@kasiglas.de","MOMENTUM Akademie GmbH","Geesthacht","Handwerker Maurer / Zimmermann / Tischler (m/w/d)","Bau, Ausbau & Gebäudetechnik","2026-06-17","https://www.arbeitsagentur.de/jobsuche/jobdetail/10001-1003242154-S","","10001-1003242154-S","arbeitsagentur"
"bewerbung@bohle-gruppe.com","Ernst Bohle GmbH","Berlin","Servicetechniker (m/w/d) Brand- und Wasserschadensanierung","Bau, Ausbau & Gebäudetechnik","2026-06-17","https://www.arbeitsagentur.de/jobsuche/jobdetail/10001-1003242084-S","","10001-1003242084-S","arbeitsagentur"
"neclasoenmez23@gmail.com","KO Projektbau","Bonn","Beton- und Stahlbetonbauer (m/w/d)","Bau, Ausbau & Gebäudetechnik","2026-06-17","https://www.arbeitsagentur.de/jobsuche/jobdetail/10001-1003241995-S","","10001-1003241995-S","arbeitsagentur"
"sowa@sowa-bedachungen.de","Herbert Sowa Bedachungs-GmbH","Paderborn","Dachdecker (m/w/d) oder Dachdeckerhelfer (m/w/d) gesucht","Bau, Ausbau & Gebäudetechnik","2026-06-17","https://www.arbeitsagentur.de/jobsuche/jobdetail/10000-1206865887-S","","10000-1206865887-S","arbeitsagentur"
"bewerbung@ke-mitteldeutschland.de","KEM Kommunalentwicklung Mitteldeutschland GmbH","Dresden","BeraterIn/IngenieurIn Projektsteuerung (m/w/d)","Bau, Ausbau & Gebäudetechnik","2026-06-17","https://www.arbeitsagentur.de/jobsuche/jobdetail/10001-1003241518-S","","10001-1003241518-S","arbeitsagentur"
"bewerbung@kas-elektrotechnik.de","KAS Elektrotechnik GmbH","Kassel, Hessen","Dachdecker / Solarteur für Solaranlagenbau – Festanstellung in Kassel","Bau, Ausbau & Gebäudetechnik","2026-06-17","https://www.arbeitsagentur.de/jobsuche/jobdetail/10001-1003240990-S","","10001-1003240990-S","arbeitsagentur"
"bewerbung@dieschachtsanierer.de","Die Schachtsanierer Mario Thor","Heilbad Heiligenstadt","Bau - Helfer - Mitarbeiter für die Schachtsanierung ab HIG ges. m/w/d !","Bau, Ausbau & Gebäudetechnik","2026-06-17","https://www.arbeitsagentur.de/jobsuche/jobdetail/10001-1003240133-S","","10001-1003240133-S","arbeitsagentur"
"karriere@personalpartner-deutschland.de","Anja Stöcker PersonalPartner Deutschland","Weil im Schönbuch","Dachdeckerhelfer (m/w/d) – Weil im Schönbuch / Raum Stuttgart","Bau, Ausbau & Gebäudetechnik","2026-06-17","https://www.arbeitsagentur.de/jobsuche/jobdetail/10001-1003239274-S","","10001-1003239274-S","arbeitsagentur"
"bewerbung-hamm@tempton.de","Tempton Personaldienstleistungen GmbH - NL Hamm","Hamm, Westfalen","Beton- und Stahlbetonbauer (m/w/d)","Bau, Ausbau & Gebäudetechnik","2026-06-17","https://www.arbeitsagentur.de/jobsuche/jobdetail/14751-373A105191-S","https://bewerbung.jobs/acbd8ebe-ba7b-4103-9923-3c1c619342c1?source=00119ac8-3a27-4400-916b-5fea8eefc2a6","14751-373A105191-S","arbeitsagentur"
"bewerbung@dinkelacker-blitzschutz.de","Blitzschutzbau Walter Dinkelacker","Nürtingen","Elektrotechniker / Elektroingenieur (m/w/d)","Bau, Ausbau & Gebäudetechnik","2026-06-17","https://www.arbeitsagentur.de/jobsuche/jobdetail/10001-1003238245-S","","10001-1003238245-S","arbeitsagentur"
"personal@heizmann-baut.de","Jörg Heizmann Bauunternehmung GmbH","Osterburken","AUSBILDUNG 2027 - Beton-/Stahlbetonbauer/in (m/w/d)","Bau, Ausbau & Gebäudetechnik","2026-06-17","https://www.arbeitsagentur.de/jobsuche/jobdetail/10000-1206863754-S","","10000-1206863754-S","arbeitsagentur"
"uh-unternehmensberatung@web.de","UH Unternehmensberatung","Bitterfeld-Wolfen","Dachdecker (m/w/d) für die Region Bitterfeld gesucht - ab 20,00 €","Bau, Ausbau & Gebäudetechnik","2026-06-17","https://www.arbeitsagentur.de/jobsuche/jobdetail/10001-1003237953-S","","10001-1003237953-S","arbeitsagentur"
"wagner@holzapfel-gmbh.de","Holzapfel Holzsystemtechnik GmbH","Eschwege","Dachdecker","Bau, Ausbau & Gebäudetechnik","2026-06-17","https://www.arbeitsagentur.de/jobsuche/jobdetail/10000-1206863217-S","","10000-1206863217-S","arbeitsagentur"
"bewerbung@bussebau.de","Busse Bau GmbH","Magdeburg","Bauingenieur im Bereich Hoch- und / oder Tiefbau (w/m/d)","Bau, Ausbau & Gebäudetechnik","2026-06-17","https://www.arbeitsagentur.de/jobsuche/jobdetail/10000-1206845413-S","","10000-1206845413-S","arbeitsagentur"
"sekretariat@galabau-fiedrich.de","Bernd Fiedrich GmbH Garten- und Landschaftsbau","Nauen, Havelland","Vorarbeiter (m/w/d)","Bau, Ausbau & Gebäudetechnik","2026-06-17","https://www.arbeitsagentur.de/jobsuche/jobdetail/12288-4853526381-S","https://www.persy.jobs/persy/l/job-j2jrb-b","12288-4853526381-S","arbeitsagentur"
"bewerbung@deko-studio-schwab.de","Deko-Studio Schwab GmbH & Co. KG","Hirzenhain, Wetteraukr","Monteur (m/w/d)","Bau, Ausbau & Gebäudetechnik","2026-06-16","https://www.arbeitsagentur.de/jobsuche/jobdetail/10000-1206858300-S","","10000-1206858300-S","arbeitsagentur"
"clarissa.malerczyk@weberhaus.de","WeberHaus GmbH & Co. KG","Rheinau, Baden","Montagevorbereiter Fertighaus (m/w/d) Bodenplatten & Keller","Bau, Ausbau & Gebäudetechnik","2026-06-16","https://www.arbeitsagentur.de/jobsuche/jobdetail/12513-0007643228-S","https://www.jobboerse-direkt.de/stellenangebote/Montagevorbereiter-m-w-d-7643228","12513-0007643228-S","arbeitsagentur"
"guenzburg@coperso.de","Coperso GmbH","Leipheim","Maurer (m/w/d)","Bau, Ausbau & Gebäudetechnik","2026-06-16","https://www.arbeitsagentur.de/jobsuche/jobdetail/10001-1003231988-S","","10001-1003231988-S","arbeitsagentur"
"hildesheim@arwa.de","ARWA Personaldienstleistungen GmbH","Gronau (Leine)","Betonwarenherstellung (m/w/d) Facharbeiter","Bau, Ausbau & Gebäudetechnik","2026-06-16","https://www.arbeitsagentur.de/jobsuche/jobdetail/14385-602-2585558-26-S","","14385-602-2585558-26-S","arbeitsagentur"
"s.sudhoff@sundb.info","S&B Personalservice GmbH","Potsdam","Stahlbetonbauer / Hochbauer / Betonfachkraft (m/w/d) mit Entwicklungsperspektive in Potsdam","Bau, Ausbau & Gebäudetechnik","2026-06-16","https://www.arbeitsagentur.de/jobsuche/jobdetail/12842-k45127.3339-S","","12842-k45127.3339-S","arbeitsagentur"
"bewerbungen@tirol.gv.at","LAND TIROL Amt der Tiroler Landesregierung","Leisach","Maurer/in","Bau, Ausbau & Gebäudetechnik","2026-06-16","https://www.arbeitsagentur.de/jobsuche/jobdetail/11949-17256734-S","https://jobs.ams.at/public/emps/jobs/e001704c-79a0-3fd4-be49-59fffb87a5e3","11949-17256734-S","arbeitsagentur"
"team.spittal@trummer.eu","Trummer Montage & Personal Standort Spittal","Lienz","Maurer/in","Bau, Ausbau & Gebäudetechnik","2026-06-16","https://www.arbeitsagentur.de/jobsuche/jobdetail/11949-17257519-S","https://jobs.ams.at/public/emps/jobs/8b65a346-5f9a-330c-9dba-de8b36d5ae5a","11949-17257519-S","arbeitsagentur"
"rekruting@octojobs.at","OCTOJOBS Personalmanagement GmbH","Lauterach","Helfer/in - Hochbau","Bau, Ausbau & Gebäudetechnik","2026-06-16","https://www.arbeitsagentur.de/jobsuche/jobdetail/11949-17256773-S","https://jobs.ams.at/public/emps/jobs/53692070-da90-32cd-bf74-a7e9b7b4ce08","11949-17256773-S","arbeitsagentur"
"bernhard.judar@aon.at","Bernhard Judar e.U.","St. Aegyd am Neuwalde","Helfer/in - Hochbau","Bau, Ausbau & Gebäudetechnik","2026-06-16","https://www.arbeitsagentur.de/jobsuche/jobdetail/11949-17256531-S","https://jobs.ams.at/public/emps/jobs/5f3aaaab-716c-3957-be74-6ba6889665d8","11949-17256531-S","arbeitsagentur"
"h.lepuschitz@personal-zellner.at","ZELLNER Personal Lösungen GmbH","Bundesland: Wien","Maurer/in","Bau, Ausbau & Gebäudetechnik","2026-06-16","https://www.arbeitsagentur.de/jobsuche/jobdetail/11949-17256313-S","https://jobs.ams.at/public/emps/jobs/121b8633-b375-3692-9098-fc989164c0cd","11949-17256313-S","arbeitsagentur"
"karriere@trepka.at","Trepka Alfred GmbH","Ober-Grafendorf","Einschaler/in","Bau, Ausbau & Gebäudetechnik","2026-06-16","https://www.arbeitsagentur.de/jobsuche/jobdetail/11949-17256876-S","https://jobs.ams.at/public/emps/jobs/47e95808-40df-3a4b-a07a-0fb72cbcfac0","11949-17256876-S","arbeitsagentur"
"kufstein@apsgroup.at","APS Group GmbH & Co KG","Brixlegg","Feuerungs- und Schornsteinbauer/in","Bau, Ausbau & Gebäudetechnik","2026-06-16","https://www.arbeitsagentur.de/jobsuche/jobdetail/11949-17257481-S","https://jobs.ams.at/public/emps/jobs/eacb41ad-3b3d-31a1-b8ff-562843cb85c8","11949-17257481-S","arbeitsagentur"
"bewerbung@schmitzer.at","SCHMITZER Dach & Bau GmbH","Wien,Liesing","Dachdecker/in","Bau, Ausbau & Gebäudetechnik","2026-06-16","https://www.arbeitsagentur.de/jobsuche/jobdetail/11949-17256204-S","https://jobs.ams.at/public/emps/jobs/7df57580-d7e3-300b-bfbb-3408d61b4447","11949-17256204-S","arbeitsagentur"
"info@renejakobsbedachung.de","Rene Jakobs Bedachung Inh. Rene Jakobs","Gundheim","Dachdecker Geselle","Bau, Ausbau & Gebäudetechnik","2026-06-16","https://www.arbeitsagentur.de/jobsuche/jobdetail/10001-1003236107-S","","10001-1003236107-S","arbeitsagentur"
"info@graefe-bedachungen.de","Florian Gräfe","Ottersberg bei Bremen","Ausbildung Dachdeckr/in (m/w/d) 2027 in Otterstedt","Bau, Ausbau & Gebäudetechnik","2026-06-16","https://www.arbeitsagentur.de/jobsuche/jobdetail/10000-1206816630-S","","10000-1206816630-S","arbeitsagentur"
"ausbildung-rms@remondis.de","Xervon GmbH","Schwedt/Oder","Ausbildung zum Gerüstbauer für 2026 (m/w/d)","Bau, Ausbau & Gebäudetechnik","2026-06-16","https://www.arbeitsagentur.de/jobsuche/jobdetail/14332-00002f29b35001-S","","14332-00002f29b35001-S","arbeitsagentur"
"jobs@kdw-hr.de","kdw HR GmbH & Co. KG","Pansdorf, Holstein","Vorarbeiter (m/w/d) Baustelle Privatkunden","Bau, Ausbau & Gebäudetechnik","2026-06-16","https://www.arbeitsagentur.de/jobsuche/jobdetail/17007-KNR2W2900I6OM1SE-S","","17007-KNR2W2900I6OM1SE-S","arbeitsagentur"
"jobs-riesa@ic-team.de","IC TEAM GS RIESA IC TEAM Personaldienste GmbH Zeitarbeit","Oschatz","Betonstahlbauer (m/w/d)","Bau, Ausbau & Gebäudetechnik","2026-06-16","https://www.arbeitsagentur.de/jobsuche/jobdetail/12306-RS39B63AE3KNEVTO-S","","12306-RS39B63AE3KNEVTO-S","arbeitsagentur"
"m.paglia@first-p.de","first personalmanagement GmbH","Kirchheim unter Teck","Bauingenieur (m/w/d)","Bau, Ausbau & Gebäudetechnik","2026-06-16","https://www.arbeitsagentur.de/jobsuche/jobdetail/14152-QW8PE220JG543D5O-S","","14152-QW8PE220JG543D5O-S","arbeitsagentur"
"recruiting@feig-gerueste.de","Feig Gerüste GmbH","Kösching","Kolonnenführer / Kolonnenführerin (m/w/x)","Bau, Ausbau & Gebäudetechnik","2026-06-16","https://www.arbeitsagentur.de/jobsuche/jobdetail/10000-1206856062-S","","10000-1206856062-S","arbeitsagentur"
"kontakt@geruestbau-bina.de","Gerüstbau BINA GmbH","Hannover","Gerüstbaumeister Projektleiter (m/w/d) Fokus Vertrieb & Akquise","Bau, Ausbau & Gebäudetechnik","2026-06-16","https://www.arbeitsagentur.de/jobsuche/jobdetail/10001-1003234524-S","","10001-1003234524-S","arbeitsagentur"
"info@hochstatterbau.de","Hochstatter Bauunternehmen GmbH & Co. KG","Wittislingen","Ausbildung 2027","Bau, Ausbau & Gebäudetechnik","2026-06-16","https://www.arbeitsagentur.de/jobsuche/jobdetail/10000-1206855705-S","","10000-1206855705-S","arbeitsagentur"
"info@kraetz-bau.de","Krätz Bau GmbH & Co. KG","Dillingen an der Donau","Teamverstärkung Bau gesucht m/w/d","Bau, Ausbau & Gebäudetechnik","2026-06-16","https://www.arbeitsagentur.de/jobsuche/jobdetail/10000-1206855096-S","","10000-1206855096-S","arbeitsagentur"
"bewerbung@moser-bau.de","MOSER GmbH & Co. KG","Baden-Baden","2027 Maurer (m/w/d)","Bau, Ausbau & Gebäudetechnik","2026-06-16","https://www.arbeitsagentur.de/jobsuche/jobdetail/10000-1206854971-S","","10000-1206854971-S","arbeitsagentur"
"c.pflug@secutecc.de","SecuTecc Sicherheits- und Fenstertechnik GmbH","Wilsdruff","Servicetechniker Dachfenstertechnik (m/w/d) für den Bereich Dresden","Bau, Ausbau & Gebäudetechnik","2026-06-16","https://www.arbeitsagentur.de/jobsuche/jobdetail/10001-1003231388-S","","10001-1003231388-S","arbeitsagentur"
"markt@bissingen.de","Markt Bissingen","Bissingen, Schwaben","Mitarbeiter/-in (m/w/d) für den gemeindlichen Bauhof","Bau, Ausbau & Gebäudetechnik","2026-06-16","https://www.arbeitsagentur.de/jobsuche/jobdetail/10000-1206854687-S","","10000-1206854687-S","arbeitsagentur"
"karriere@wbb-ag.de","WBB Bau & Beton GmbH","Umpferstedt","Mitarbeiter (m/w/d) für unser Team","Bau, Ausbau & Gebäudetechnik","2026-06-16","https://www.arbeitsagentur.de/jobsuche/jobdetail/10001-1003233770-S","","10001-1003233770-S","arbeitsagentur"
"karriere@bischoff-ptr.de","PTR Bischoff GmbH","Neukirchen, Knüllgeb","Mitarbeiter (m/w/d) im bautechnischen Dienst","Bau, Ausbau & Gebäudetechnik","2026-06-16","https://www.arbeitsagentur.de/jobsuche/jobdetail/10000-1206835673-S","","10000-1206835673-S","arbeitsagentur"
"info@schuette-dach.de","Schütte Bedachungs GmbH","Schmallenberg","Ausbildung 2027 - Dachdecker/in (m/w/d)","Bau, Ausbau & Gebäudetechnik","2026-06-16","https://www.arbeitsagentur.de/jobsuche/jobdetail/10000-1206849484-S","","10000-1206849484-S","arbeitsagentur"
"bjoernrathje@outlook.de","Maurermeister Björn Rathje","Reinsbüttel","Ausbildung 2026 u. 2027 (m/w/d)","Bau, Ausbau & Gebäudetechnik","2026-06-16","https://www.arbeitsagentur.de/jobsuche/jobdetail/10000-1206848805-S","","10000-1206848805-S","arbeitsagentur"
"kerstin.zeilinger@much.de","Gemeinde Much Gemeinde Much","Much","Staatl. geprüften Hochbautechniker/in (m/w/d)","Bau, Ausbau & Gebäudetechnik","2026-06-16","https://www.arbeitsagentur.de/jobsuche/jobdetail/10001-1003230137-S","","10001-1003230137-S","arbeitsagentur"
"napolanobedachungen@gmx.de","Napolano Bedachung UG (haftungsbeschränkt)","Köln","Vollzeitstelle oder Teilzeitstelle","Bau, Ausbau & Gebäudetechnik","2026-06-16","https://www.arbeitsagentur.de/jobsuche/jobdetail/10001-1003230351-S","","10001-1003230351-S","arbeitsagentur"
"info@projektbau-hs.de","Projektbau Hanses und Schade GmbH","Lennestadt","Maurer/in","Bau, Ausbau & Gebäudetechnik","2026-06-16","https://www.arbeitsagentur.de/jobsuche/jobdetail/10000-1206846828-S","","10000-1206846828-S","arbeitsagentur"
"baugeschaeft@bauass-koepf.de","Bau ASS Köpf GmbH & Co. KG","Hopferau","Maurer*in (m/w/d)","Bau, Ausbau & Gebäudetechnik","2026-06-16","https://www.arbeitsagentur.de/jobsuche/jobdetail/10000-1206846755-S","","10000-1206846755-S","arbeitsagentur"
"p.leibing@alphaengineering.eu","Alpha-Engineering KG - Erfurt","Erfurt","Baustatiker (m/w/d)","Bau, Ausbau & Gebäudetechnik","2026-06-16","https://www.arbeitsagentur.de/jobsuche/jobdetail/12668-28bf06c634fc4ad-S","","12668-28bf06c634fc4ad-S","arbeitsagentur"
"info@dachdecker-winter.de","Winter +  Sohn GmbH Bedachungen","Herne, Westfalen","Dachdecker-Vorarbeiter","Bau, Ausbau & Gebäudetechnik","2026-06-16","https://www.arbeitsagentur.de/jobsuche/jobdetail/10000-1206845583-S","","10000-1206845583-S","arbeitsagentur"
"info@hpahortig.de","HPA Hortig Nicky Hortig","Gräfenhainichen","Maurer / Putzer / Maler (m/w/d) Bitterfeld-Wolfen gesucht - ab 18 € (keine Montage)","Bau, Ausbau & Gebäudetechnik","2026-06-16","https://www.arbeitsagentur.de/jobsuche/jobdetail/10001-1003230274-S","","10001-1003230274-S","arbeitsagentur"
"bewerbung@knoop.com","Knoop Personal-Service GmbH","Geesthacht","Maurer (m/w/d)","Bau, Ausbau & Gebäudetechnik","2026-06-16","https://www.arbeitsagentur.de/jobsuche/jobdetail/12479-S516TYLB351OOES5-S","","12479-S516TYLB351OOES5-S","arbeitsagentur"
"info@bavaria-headhunter.de","BavariaHeadhunter Schlegel & Wegner GbR","Bad Kissingen","Polier (m/w/d)","Bau, Ausbau & Gebäudetechnik","2026-06-16","https://www.arbeitsagentur.de/jobsuche/jobdetail/11971-1001907205457087-S","https://www.aktuelle-jobs.de/stellenangebote.php?eid=1001-907205-457087&mtm_campaign=ba","11971-1001907205457087-S","arbeitsagentur"
"pav-saara@web.de","Büroservice & Arbeitsvermittlung Uta Hager","Sangerhausen","Beton- und Stahlbetonbauer, Schalungsbauer  (m/w/d)","Bau, Ausbau & Gebäudetechnik","2026-06-16","https://www.arbeitsagentur.de/jobsuche/jobdetail/10001-1003214874-S","","10001-1003214874-S","arbeitsagentur"
"bolsewig@gs-company.de","GS-COMPANY GmbH & Co. KG","Zühlsdorf","Betonbauer (m/w/d) in Brandenburg","Bau, Ausbau & Gebäudetechnik","2026-06-15","https://www.arbeitsagentur.de/jobsuche/jobdetail/10001-1003228152-S","","10001-1003228152-S","arbeitsagentur"
"greta.berheide@buk-bedachungen.de","Berheide & Kozlik Bedachungen GmbH","Harsewinkel","Spaß am selbständigen Arbeiten ? Helfer/in  (m/w/d) Hochbau","Bau, Ausbau & Gebäudetechnik","2026-06-15","https://www.arbeitsagentur.de/jobsuche/jobdetail/10000-1206839307-S","","10000-1206839307-S","arbeitsagentur"
"bewerbung@scheidt.de","Scheidt GmbH & Co. KG Standort Rinteln","Arnstadt","Projektmitarbeiter Sonderbau Stahlbeton (m/w/d)","Bau, Ausbau & Gebäudetechnik","2026-06-15","https://www.arbeitsagentur.de/jobsuche/jobdetail/18286-0065298196-S","","18286-0065298196-S","arbeitsagentur"
"alex.geier@enerix.com","Energietechnik Geier GmbH","Losheim am See","Dachdeckermeister (m/w/d) dringend gesucht","Bau, Ausbau & Gebäudetechnik","2026-06-15","https://www.arbeitsagentur.de/jobsuche/jobdetail/10000-1206814274-S","","10000-1206814274-S","arbeitsagentur"
"sarah.wutte@thgpersonal.at","THG Personal GmbH","Gerasdorf","Maurer/in","Bau, Ausbau & Gebäudetechnik","2026-06-15","https://www.arbeitsagentur.de/jobsuche/jobdetail/11949-17253775-S","https://jobs.ams.at/public/emps/jobs/65d3ab86-0e6d-37fb-9907-bc7666aa46b6","11949-17253775-S","arbeitsagentur"
"team.hartberg@trummer.eu","Trummer Montage & Personal Standort Hartberg","Hartberg","Helfer/in - Hochbau","Bau, Ausbau & Gebäudetechnik","2026-06-15","https://www.arbeitsagentur.de/jobsuche/jobdetail/11949-17254580-S","https://jobs.ams.at/public/emps/jobs/cc9144a9-cde1-3a99-946e-a9716e34564a","11949-17254580-S","arbeitsagentur"
"info@geruestbau-winkler.com","Gerüstbau Winkler GmbH & Co. KG","Barßel","Gerüstbauer (m/w/d) Gerüstbauhelfer (m/w/d) mit LKW-Führerschein gesucht","Bau, Ausbau & Gebäudetechnik","2026-06-15","https://www.arbeitsagentur.de/jobsuche/jobdetail/10001-1003222486-S","","10001-1003222486-S","arbeitsagentur"
"jobs@ps-stuetzpunkt.at","PS Stützpunkt Personal auf Zeit GmbH & Co KG","Bezirk: Weiz","Fassadenmonteur/in","Bau, Ausbau & Gebäudetechnik","2026-06-15","https://www.arbeitsagentur.de/jobsuche/jobdetail/11949-17254838-S","https://jobs.ams.at/public/emps/jobs/4216fbe4-4738-323d-8371-0e8cf9a10765","11949-17254838-S","arbeitsagentur"
"office@bit-team.at","Bit-Team Straßenbelagsanierung GmbH","Amstetten","Dachdecker/in","Bau, Ausbau & Gebäudetechnik","2026-06-15","https://www.arbeitsagentur.de/jobsuche/jobdetail/11949-17255445-S","https://jobs.ams.at/public/emps/jobs/aa9caf2c-9dc8-3464-ae3c-6689e7022db1","11949-17255445-S","arbeitsagentur"
"bregenz@accurat.at","ACCURAT Gesellschaft für Personaldienstleistungen mbH","Bundesland: Vorarlberg","Maurer/in","Bau, Ausbau & Gebäudetechnik","2026-06-15","https://www.arbeitsagentur.de/jobsuche/jobdetail/11949-17255603-S","https://jobs.ams.at/public/emps/jobs/135176bb-00dc-36c4-b9bb-020339835547","11949-17255603-S","arbeitsagentur"
"job.graz@teampool.com","teampool personal service gmbh","Hartberg","Dachdecker/in","Bau, Ausbau & Gebäudetechnik","2026-06-15","https://www.arbeitsagentur.de/jobsuche/jobdetail/11949-17254316-S","https://jobs.ams.at/public/emps/jobs/9424cb70-59ef-35b5-8dfa-2f8dd893cd71","11949-17254316-S","arbeitsagentur"
"dispo@ml-personal.at","M & L Personal GmbH","Krems an der Donau","Fassadenmonteur/in","Bau, Ausbau & Gebäudetechnik","2026-06-15","https://www.arbeitsagentur.de/jobsuche/jobdetail/11949-17255886-S","https://jobs.ams.at/public/emps/jobs/9f6516a8-a699-3560-ac8c-ce51ed69ac18","11949-17255886-S","arbeitsagentur"
"jobs@imp.co.at","I.M.P Knezaurek GmbH","St. Georgen im Attergau","Maurer/in","Bau, Ausbau & Gebäudetechnik","2026-06-15","https://www.arbeitsagentur.de/jobsuche/jobdetail/11949-17254718-S","https://jobs.ams.at/public/emps/jobs/882da294-168d-354a-9a17-5b92c00a4465","11949-17254718-S","arbeitsagentur"
"bewerbung@schmidtschubert.com","E.Schmidt  GmbH & Co. KG","Gronau (Westfalen)","Dachdecker (m/w/d)","Bau, Ausbau & Gebäudetechnik","2026-06-15","https://www.arbeitsagentur.de/jobsuche/jobdetail/16512-2026-13680024-S","","16512-2026-13680024-S","arbeitsagentur"
"karriere@handwerkspartner.de","HWP Handwerkspartner GmbH","Berlin","Maurer / Verputzer (m/w/d)","Bau, Ausbau & Gebäudetechnik","2026-06-15","https://www.arbeitsagentur.de/jobsuche/jobdetail/10001-1003228374-S","","10001-1003228374-S","arbeitsagentur"
"bewerbung-ulm@tempton.detel","Tempton Personaldienstleistungen GmbH NL Ulm","Blaubeuren","Maurer / Maurerhelfer (m/w/d)","Bau, Ausbau & Gebäudetechnik","2026-06-15","https://www.arbeitsagentur.de/jobsuche/jobdetail/14751-373A105086-S","https://bewerbung.jobs/a83ed151-7698-4c13-8c1b-7fa434a49318?source=00119ac8-3a27-4400-916b-5fea8eefc2a6","14751-373A105086-S","arbeitsagentur"
"personal@kh-st-waf.de","Kreishandwerkerschaft Steinfurt Warendorf","Beckum, Westfalen","Maurer- / Beton- und Stahlbetonbauermeister mit dem Schwerpunkt Maurerarbeiten (m/w/d)","Bau, Ausbau & Gebäudetechnik","2026-06-15","https://www.arbeitsagentur.de/jobsuche/jobdetail/10000-1206834980-S","","10000-1206834980-S","arbeitsagentur"
"mario.heine@monolith-industrieboeden.de","Monolith-Industrieböden GmbH","Nobitz","Bauhandwerker gesucht (m/w/d)","Bau, Ausbau & Gebäudetechnik","2026-06-15","https://www.arbeitsagentur.de/jobsuche/jobdetail/10000-1206832801-S","","10000-1206832801-S","arbeitsagentur"
"info@fliesen-strobl.de","Fliesen Strobl GmbH","Gangkofen","Maurer/Verputzer (m/w/d)","Bau, Ausbau & Gebäudetechnik","2026-06-15","https://www.arbeitsagentur.de/jobsuche/jobdetail/10000-1206823036-S","","10000-1206823036-S","arbeitsagentur"
"info@holzbau-schade.com","Holzbau Schade Ingo Schade","Fuldatal","🔨 Ausbildung zum Dachdecker (m/w/d)","Bau, Ausbau & Gebäudetechnik","2026-06-15","https://www.arbeitsagentur.de/jobsuche/jobdetail/10001-1003224238-S","","10001-1003224238-S","arbeitsagentur"
"post@primus-jobinstitut.de","Manuela Flenker Primus Jobinstitut","Dresden","Industriekletterer (m/w/d) gesucht!!!","Bau, Ausbau & Gebäudetechnik","2026-06-15","https://www.arbeitsagentur.de/jobsuche/jobdetail/10001-1003223950-S","","10001-1003223950-S","arbeitsagentur"
"info@hawog.de","HAWOG Gebäudedienst GmbH HAWOG Bau und Immobilienservic HAWOG Bau und Immobilienservic","Reichenbach im Vogtland","Handwerker (m/w/d) für Allrounder-Arbeiten in einem Familienbetrieb gesucht","Bau, Ausbau & Gebäudetechnik","2026-06-15","https://www.arbeitsagentur.de/jobsuche/jobdetail/10000-1206830932-S","","10000-1206830932-S","arbeitsagentur"
"stefan.wilmers@ueberenergie.de","Wilmers, Stefan","Altlußheim","Mitarbeiter für Gebäudeenergieberatung / technische Assistenz (m/w/d)","Bau, Ausbau & Gebäudetechnik","2026-06-15","https://www.arbeitsagentur.de/jobsuche/jobdetail/10001-1003223356-S","","10001-1003223356-S","arbeitsagentur"
"karriere@koester-bau.de","Köster GmbH","Augsburg, Bayern","Polier (m/w/d) Hochbau","Bau, Ausbau & Gebäudetechnik","2026-06-15","https://www.arbeitsagentur.de/jobsuche/jobdetail/10000-1206831320-S","","10000-1206831320-S","arbeitsagentur"
"info.delitzsch@alphaconsult-premium.org","AlphaConsult Premium KG","Löbnitz bei Delitzsch","Maschinenbediener (m/w/d) in Löbnitz","Bau, Ausbau & Gebäudetechnik","2026-06-14","https://www.arbeitsagentur.de/jobsuche/jobdetail/17560-6748b97a1e154c7-S","","17560-6748b97a1e154c7-S","arbeitsagentur"
"nadine.boehmer@akzent-personal.de","Akzent Personaldienstleistungen GmbH","Dresden","Dachdecker (m/w/d)","Bau, Ausbau & Gebäudetechnik","2026-06-14","https://www.arbeitsagentur.de/jobsuche/jobdetail/14599-OLSLAKHGRKSCSVJI-S","","14599-OLSLAKHGRKSCSVJI-S","arbeitsagentur"
"gotha@office-people.de","Office People GmbH Niederlassung Gotha Personaldienstleistungen","Gotha, Thüringen","Betonbauer (m/w/d) Industrie","Bau, Ausbau & Gebäudetechnik","2026-06-14","https://www.arbeitsagentur.de/jobsuche/jobdetail/12203-1af7980f54754ec-S","","12203-1af7980f54754ec-S","arbeitsagentur"
"jobs-km@iperdi.de","iperdi GmbH","Kamenz","Betonbauer (m/w/d/x)","Bau, Ausbau & Gebäudetechnik","2026-06-14","https://www.arbeitsagentur.de/jobsuche/jobdetail/15518-JWI8PZN0OSTDLW8S-S","","15518-JWI8PZN0OSTDLW8S-S","arbeitsagentur"
"jwittenberg@beelitzbau.de","HWBAU GmbH Beelitz","Beelitz, Mark","Maurer (m/w/d)","Bau, Ausbau & Gebäudetechnik","2026-06-14","https://www.arbeitsagentur.de/jobsuche/jobdetail/14928-19621-S","https://www.hwk-potsdam.de/9,0,jobboardofferdetail.html?id=19621","14928-19621-S","arbeitsagentur"
"personal@mb-keller.de","MB Effizienzkeller GmbH","Waldmohr","Beton- und Stahlbetonbauer / Maurer (m/w/d) – Montage Keller (Fertighausbau)","Bau, Ausbau & Gebäudetechnik","2026-06-14","https://www.arbeitsagentur.de/jobsuche/jobdetail/12288-4849730265-S","https://www.persy.jobs/persy/l/job-j1t1s-b","12288-4849730265-S","arbeitsagentur"
"niklas.eikmeier@strassen.nrw.de","Landesbetrieb Straßenbau NRW Betriebssitz Gelsenkirchen","Bielefeld","Bauingenieur*in im Brückenbau (m/w/d)","Bau, Ausbau & Gebäudetechnik","2026-06-13","https://www.arbeitsagentur.de/jobsuche/jobdetail/15798-44238894-612-S","","15798-44238894-612-S","arbeitsagentur"
"bewerbung@uhrig-bau.de","Helmut Uhrig Straßen- und Tiefbau GmbH","Geisingen, Baden","Ausbildung zum/-r Beton- und Stahlbetonbauer/-in (m/w/d) 2027","Bau, Ausbau & Gebäudetechnik","2026-06-13","https://www.arbeitsagentur.de/jobsuche/jobdetail/10000-1206512091-S","","10000-1206512091-S","arbeitsagentur"
"info@dimaxbau.de","DIMAXBAU GmbH","Altena, Westfalen","Polier (m/w/d)","Bau, Ausbau & Gebäudetechnik","2026-06-12","https://www.arbeitsagentur.de/jobsuche/jobdetail/10000-1206823624-S","","10000-1206823624-S","arbeitsagentur"
"bewerbung@neospar.de","NSD Bau UG (haftungsbeschränkt)","Dresden","Bauhelfer (m/w/d)","Bau, Ausbau & Gebäudetechnik","2026-06-12","https://www.arbeitsagentur.de/jobsuche/jobdetail/10001-1003219067-S","","10001-1003219067-S","arbeitsagentur"
"office@mdfacility.at","MD Floor Facility GmbH","Böheimkirchen","Helfer/in - Hochbau","Bau, Ausbau & Gebäudetechnik","2026-06-12","https://www.arbeitsagentur.de/jobsuche/jobdetail/11949-17253705-S","https://jobs.ams.at/public/emps/jobs/95a7102d-c9d8-315a-bf35-1f48a9f26162","11949-17253705-S","arbeitsagentur"
"office@krutzlerbau.at","KRUTZLER Bau GmbH & CO KG.","Oberloisdorf","Maurer/in","Bau, Ausbau & Gebäudetechnik","2026-06-12","https://www.arbeitsagentur.de/jobsuche/jobdetail/11949-17253686-S","https://jobs.ams.at/public/emps/jobs/05ce5668-4240-3713-a2c3-db47c24a8bba","11949-17253686-S","arbeitsagentur"
"info@pichler-pool.at","S.P.-Poolprofi e.U.","Groß-Enzersdorf","Helfer/in - Hochbau","Bau, Ausbau & Gebäudetechnik","2026-06-12","https://www.arbeitsagentur.de/jobsuche/jobdetail/11949-17235052-S","https://jobs.ams.at/public/emps/jobs/d3504993-41b1-3bae-b7ca-171d8a1f6597","11949-17235052-S","arbeitsagentur"
"office@gas-wasser.at","Prokesch GmbH","Wien,Liesing","Maurer/in","Bau, Ausbau & Gebäudetechnik","2026-06-12","https://www.arbeitsagentur.de/jobsuche/jobdetail/11949-17254042-S","https://jobs.ams.at/public/emps/jobs/a782fa5e-6afb-32e0-8aff-8e153154ab62","11949-17254042-S","arbeitsagentur"
"bewerbung@bestpeople.at","bp4b personaldienstleistung gmbh","Wien,Landstraße","Helfer/in - Hochbau","Bau, Ausbau & Gebäudetechnik","2026-06-12","https://www.arbeitsagentur.de/jobsuche/jobdetail/11949-17253659-S","https://jobs.ams.at/public/emps/jobs/b5645cf6-b4e4-3204-8d3a-4282d8041c3d","11949-17253659-S","arbeitsagentur"
"t.riedl@pecan.at","Pecan GmbH","Unterhaid","Helfer/in - Hochbau","Bau, Ausbau & Gebäudetechnik","2026-06-12","https://www.arbeitsagentur.de/jobsuche/jobdetail/11949-17253668-S","https://jobs.ams.at/public/emps/jobs/a3d964df-aa11-3f38-8443-ba42a62ea6c6","11949-17253668-S","arbeitsagentur"
"zeliha-erdem@gmx.de","Zeliha Erdem B & B Bau","Bremerhaven","Eisenflechter, Schalungsarbeiter und Hilfsarbeiter (m/w/d)","Bau, Ausbau & Gebäudetechnik","2026-06-12","https://www.arbeitsagentur.de/jobsuche/jobdetail/10000-1206823684-S","","10000-1206823684-S","arbeitsagentur"
"bewerbung@stw-winsen.de","WinBux Energiedienstleistungen GmbH","Buxtehude","Dachdecker/Zimmerer(m/w/d) oder Mitarbeiter der Baubranche","Bau, Ausbau & Gebäudetechnik","2026-06-12","https://www.arbeitsagentur.de/jobsuche/jobdetail/10001-1003215532-S","","10001-1003215532-S","arbeitsagentur"
"office@amdbau.at","AMD Bau- und Sanierung e.U.","Reding","Helfer/in - Hochbau","Bau, Ausbau & Gebäudetechnik","2026-06-12","https://www.arbeitsagentur.de/jobsuche/jobdetail/11949-17253984-S","https://jobs.ams.at/public/emps/jobs/a67d146f-8520-3872-b1f6-fbeabc80ca5c","11949-17253984-S","arbeitsagentur"
"info@felixgmbh.at","Felix Hoch-Tiefbau GmbH","Wien,Favoriten","Fassadenmonteur/in","Bau, Ausbau & Gebäudetechnik","2026-06-12","https://www.arbeitsagentur.de/jobsuche/jobdetail/11949-17253711-S","https://jobs.ams.at/public/emps/jobs/dd4cd7fb-4524-3dbc-a8a3-94e5dcc08c4e","11949-17253711-S","arbeitsagentur"
"info@staltmayr-bau.de","Staltmayr Bau GmbH","Peißenberg","Maurer/in (m/w/d) in Traditionsunternehmen gesucht","Bau, Ausbau & Gebäudetechnik","2026-06-12","https://www.arbeitsagentur.de/jobsuche/jobdetail/10000-1206819998-S","","10000-1206819998-S","arbeitsagentur"
"bauaufsicht@offenbach.de","Magistrat der Stadt Offenbach am Main","Offenbach am Main","Handwerksmeister*in / Bachelor Bauhauptgewerbe Hochbau (m/w/d)","Bau, Ausbau & Gebäudetechnik","2026-06-12","https://www.arbeitsagentur.de/jobsuche/jobdetail/10001-1003220442-S","","10001-1003220442-S","arbeitsagentur"
"bewerbung.aib@sachsen-anhalt.de","Amt für Immobilien- und Baumanagement Magdeburg","Dessau-Roßlau","Bauleitungsassistenten (m/w/d) für den Hochbau","Bau, Ausbau & Gebäudetechnik","2026-06-12","https://www.arbeitsagentur.de/jobsuche/jobdetail/10001-1003217363-S","","10001-1003217363-S","arbeitsagentur"
"bewerbung@dplp.de","DPL Professionals GmbH","Heiden, Kreis Borken, Westfalen","Monteur (m/w/d) zur Montage von Photovoltaikanlagen gesucht!","Bau, Ausbau & Gebäudetechnik","2026-06-12","https://www.arbeitsagentur.de/jobsuche/jobdetail/13921-PAKBVDEW1L75NNWZ-S","","13921-PAKBVDEW1L75NNWZ-S","arbeitsagentur"
"bewerbung@mms-consult.de","MMS-Consult-Internationale Personalberatung Martina Martens","Bremen","Bauleiter / Polier / Vorarbeiter (m/w/d) im Bereich Brückenbau (12.06.2026)","Bau, Ausbau & Gebäudetechnik","2026-06-12","https://www.arbeitsagentur.de/jobsuche/jobdetail/10000-1182272729-S","","10000-1182272729-S","arbeitsagentur"
"neuss@tero-personal.de","TERO GmbH","Düsseldorf","Stahlbauschlosser (m/w/d)","Bau, Ausbau & Gebäudetechnik","2026-06-12","https://www.arbeitsagentur.de/jobsuche/jobdetail/13280-P855L697J2G8MBGC-S","","13280-P855L697J2G8MBGC-S","arbeitsagentur"
"klagenfurt@jobteam.at","Job Team Personal Service GmbH","Klagenfurt,01.Bez.:Innere Stadt","Gerüstbauer/in","Bau, Ausbau & Gebäudetechnik","2026-06-12","https://www.arbeitsagentur.de/jobsuche/jobdetail/11949-17254016-S","https://jobs.ams.at/public/emps/jobs/b3b20a2e-4cfb-37df-9d0b-e09d73ac32a2","11949-17254016-S","arbeitsagentur"
"h.gaster@obereder.biz","Wallersee Bedachung GmbH","Henndorf am Wallersee","Dachdecker/in","Bau, Ausbau & Gebäudetechnik","2026-06-12","https://www.arbeitsagentur.de/jobsuche/jobdetail/11949-17253791-S","https://jobs.ams.at/public/emps/jobs/caa215e3-a669-3cf0-b64e-36fde952572d","11949-17253791-S","arbeitsagentur"
"wels@jobfactory.at","JOBFACTORY Personalservice GmbH","Roitham am Traunfall","Einschaler/in","Bau, Ausbau & Gebäudetechnik","2026-06-12","https://www.arbeitsagentur.de/jobsuche/jobdetail/11949-17253205-S","https://jobs.ams.at/public/emps/jobs/755155da-1b80-3686-8a61-ba31dbfb078b","11949-17253205-S","arbeitsagentur"
"office@poolbauprofi.at","Ladinig Patrick","Tramoitschig","Helfer/in - Hochbau","Bau, Ausbau & Gebäudetechnik","2026-06-12","https://www.arbeitsagentur.de/jobsuche/jobdetail/11949-17165287-S","https://jobs.ams.at/public/emps/jobs/ac7fe39f-44f2-3451-816b-256af028dc7b","11949-17165287-S","arbeitsagentur"
"bewerbung.crailsheim@temperso.de","temPERSO Rummel & Glass GmbH","Crailsheim","Betonbauer (m/w/d)","Bau, Ausbau & Gebäudetechnik","2026-06-12","https://www.arbeitsagentur.de/jobsuche/jobdetail/12054-7IXDU224EH40B2UL-S","","12054-7IXDU224EH40B2UL-S","arbeitsagentur"
"bewerbung@thlg.de","Thüringer Landgesellschaft mbH","Erfurt","Leiter Geschäftsbereich Ländliche Entwicklung / Bau (m/w/d)","Bau, Ausbau & Gebäudetechnik","2026-06-12","https://www.arbeitsagentur.de/jobsuche/jobdetail/16481-1884679-S","https://thaff-thueringen.de/Stellenangebote/leiter-geschaeftsbereich-laendliche-entwicklung-bau-m-w-d-2","16481-1884679-S","arbeitsagentur"
"info@firma-reich.de","Gebrüder Reich GmbH","Duisburg","Maurer (m/w/d)","Bau, Ausbau & Gebäudetechnik","2026-06-12","https://www.arbeitsagentur.de/jobsuche/jobdetail/10001-1003217320-S","","10001-1003217320-S","arbeitsagentur"
"info@ma-dachtechnik.de","MA-Dachtechnik Michael Alber","Leinfelden-Echterdingen","Dachdecker (m/w/d)","Bau, Ausbau & Gebäudetechnik","2026-06-12","https://www.arbeitsagentur.de/jobsuche/jobdetail/10000-1206821340-S","","10000-1206821340-S","arbeitsagentur"
"zukunft@braun-steine.de","Aicheler & Braun GmbH","Tübingen","Teamleiter in der Produktion - Betonelementfertigung (m/w/d)","Bau, Ausbau & Gebäudetechnik","2026-06-12","https://www.arbeitsagentur.de/jobsuche/jobdetail/10000-1206821032-S","","10000-1206821032-S","arbeitsagentur"
"b.rosskopf@unger.group","Unger Raumgestaltungs GmbH","Unterschleißheim","Maurer/in","Bau, Ausbau & Gebäudetechnik","2026-06-12","https://www.arbeitsagentur.de/jobsuche/jobdetail/10000-1206817254-S","","10000-1206817254-S","arbeitsagentur"
"info@leimbrock-bau.de","Leimbrock GmbH & Co.KG","Rödinghausen, Westfalen","Facharbeiter im Hoch- und Tiefbau (m/w/d)","Bau, Ausbau & Gebäudetechnik","2026-06-12","https://www.arbeitsagentur.de/jobsuche/jobdetail/10000-1206818574-S","","10000-1206818574-S","arbeitsagentur"
"hagen@smc-jobs.de","SMC SteinMart GmbH","München","Bauleiter (m/w/d) Brandschutz","Bau, Ausbau & Gebäudetechnik","2026-06-12","https://www.arbeitsagentur.de/jobsuche/jobdetail/10001-1003215789-S","","10001-1003215789-S","arbeitsagentur"
"oliver.tschamler@stuttgart.de","Landeshauptstadt Stuttgart Haupt- und Personalamt","Stuttgart","Techniker/-in / Meister/-in Baugewerbe (m/w/d)","Bau, Ausbau & Gebäudetechnik","2026-06-12","https://www.arbeitsagentur.de/jobsuche/jobdetail/10000-1206816474-S","","10000-1206816474-S","arbeitsagentur"
"michael.riedel@autobahn.de","Die Autobahn GmbH des Bundes","Hamburg","Bauwerksprüftechnikerin (w/m/d)","Bau, Ausbau & Gebäudetechnik","2026-06-12","https://www.arbeitsagentur.de/jobsuche/jobdetail/17751-44239042-611-S","","17751-44239042-611-S","arbeitsagentur"
"info@iela-personal.de","IELA Personal GmbH","Magdeburg","PV-Monteur/Dachdecker (m/w/d)","Bau, Ausbau & Gebäudetechnik","2026-06-12","https://www.arbeitsagentur.de/jobsuche/jobdetail/16791-D04BVX7OPCTYN8F9-S","","16791-D04BVX7OPCTYN8F9-S","arbeitsagentur"
"mayrhofer@mbb.co.at","MBB Mayrhofer Big Bag GmbH","Österreich","Helfer/in - Hochbau","Bau, Ausbau & Gebäudetechnik","2026-06-11","https://www.arbeitsagentur.de/jobsuche/jobdetail/11949-17251930-S","https://jobs.ams.at/public/emps/jobs/093384a5-2849-31f2-9c7c-c1639779468a","11949-17251930-S","arbeitsagentur"
"office@aem-bau.at","AEM Bau GmbH","Wien,Liesing","Betonstahlbieger/in und -flechter/in","Bau, Ausbau & Gebäudetechnik","2026-06-11","https://www.arbeitsagentur.de/jobsuche/jobdetail/11949-17252040-S","https://jobs.ams.at/public/emps/jobs/a219f17a-a272-3281-83df-6d1d126b53d8","11949-17252040-S","arbeitsagentur"
"office@aktiv-kaminsanierung.at","Aktiv Kaminsanierung KG","Wien,Rudolfsheim-Fünfhaus","Maurer/in","Bau, Ausbau & Gebäudetechnik","2026-06-11","https://www.arbeitsagentur.de/jobsuche/jobdetail/11949-17252048-S","https://jobs.ams.at/public/emps/jobs/4c31c27f-b533-393f-ac16-19ca353dc2b2","11949-17252048-S","arbeitsagentur"
"office@riko-personal.at","RIKO Personal OG","Weng","Helfer/in - Hochbau","Bau, Ausbau & Gebäudetechnik","2026-06-11","https://www.arbeitsagentur.de/jobsuche/jobdetail/11949-17252710-S","https://jobs.ams.at/public/emps/jobs/56ad0726-8688-3ad0-939f-042d0a036091","11949-17252710-S","arbeitsagentur"
"g.kohout@lis-linz.at","LIS Industrie Service GmbH","Linz","Gerüstbauer/in","Bau, Ausbau & Gebäudetechnik","2026-06-11","https://www.arbeitsagentur.de/jobsuche/jobdetail/11949-17252698-S","https://jobs.ams.at/public/emps/jobs/e202f9ef-7034-3beb-a8b8-7f9a341e50ba","11949-17252698-S","arbeitsagentur"
"info@dkschreinerei.de","Holz & Glas (Inh. Dominik Kochendörfer)","Ladenburg","🔨Allrounder/Alleskönner/ Helfer (m/w/d) 🔨","Bau, Ausbau & Gebäudetechnik","2026-06-11","https://www.arbeitsagentur.de/jobsuche/jobdetail/10001-1003210907-S","","10001-1003210907-S","arbeitsagentur"
"info@wiko-dach.de","Wiko Dach GmbH","Filderstadt","Dachdeckerhelfer (m/w/d)","Bau, Ausbau & Gebäudetechnik","2026-06-11","https://www.arbeitsagentur.de/jobsuche/jobdetail/10000-1206799208-S","","10000-1206799208-S","arbeitsagentur"
"bau-weder@t-online.de","Baufirma Heiko Weder","Meißen, Sachsen","Maurer/in","Bau, Ausbau & Gebäudetechnik","2026-06-11","https://www.arbeitsagentur.de/jobsuche/jobdetail/10000-1206800514-S","","10000-1206800514-S","arbeitsagentur"
